ID,Badge Title,Issuer,Achievement Type,Assessment Type,Assessment Evaluator,Evidence Type,Expert Eval Required,Canvas Code,Seq #,Pathway Position,Self-Declared Level,Bloom Level,Audience Signal,Stage 1 — Category,Stage 2 — Type,Stage 3 — Level,Confidence,Reviewer Status,Matched Badge Title,Match Score,Primary Skill Category,Learning Outcome Summary,Delivery Mode
B001,2026 Infrastructure Forum,LDI,Achievement,Attendance,None,Attendance record,No,,,Standalone,None,Remember/Understand,Industry/Professional,Continuing & Professional Education,Souvenir,Souvenir,High,Pending,2026 Infrastructure Forum,1.0,Professional Development,Build professional skills through guided learning experiences,Workshop
B002,AI in the Workplace,LDI,Achievement,Applied activities,Auto-assessed,Demonstrated understanding,No,,,Standalone,Foundation-Int,Apply/Analyze,Working professionals,Continuing & Professional Education,Achievement,Foundational,Medium,Pending,AI in the Workplace,1.0,AI / ML,Apply AI concepts and tools in academic or professional settings,Hybrid
B003,AI for Administrative Efficiency,LDI,Achievement,Module completion,Auto-assessed,Platform-tracked,No,MCAI.002.03,3.0,3rd of 3,None,Apply,Educator/Faculty,Faculty & Staff Development,Achievement,Milestone,High,Pending,AI for Administrative Efficiency,1.0,AI / ML,Apply AI concepts and tools in academic or professional settings,Hybrid
B004,Introduction to AI in Education,LDI,Achievement,Module completion,Auto-assessed,Platform-tracked,No,MCAI.002.01,1.0,1st of 3,Foundation,Understand,Educator/Faculty,Faculty & Staff Development,Achievement,Foundational,High,Pending,Introduction to AI in Education,1.0,AI / ML,Apply AI concepts and tools in academic or professional settings,Hybrid
B005,AI-Enhanced Instructional Practices,LDI,Achievement,Module completion,Auto-assessed,Platform-tracked,No,MCAI.002.02,2.0,2nd of 3,None,Apply/Synthesize,Educator/Faculty,Faculty & Staff Development,Achievement,Milestone,High,Pending,AI-Enhanced Instructional Practices,1.0,AI / ML,Apply AI concepts and tools in academic or professional settings,Hybrid
B006,Adaptability & Lifelong Learning with AI,LDI,Achievement,Final assessment 80%,Auto-assessed,Scored assessment,No,MCAI.001.03,3.0,3rd Cluster 1,Foundation,Understand/Apply,Broad/Faculty,Faculty & Staff Development,Achievement,Milestone,High,Pending,Adaptability & Lifelong Learning with AI,1.0,AI / ML,Apply AI concepts and tools in academic or professional settings,Hybrid
B007,AI Literacy and Fundamentals,LDI,Achievement,Final assessment 80%,Auto-assessed,Scored assessment,No,MCAI.001.02,2.0,2nd Cluster 1,Foundation,Remember/Understand,Broad/Faculty,Faculty & Staff Development,Achievement,Milestone,High,Pending,AI Literacy and Fundamentals,1.0,AI / ML,Apply AI concepts and tools in academic or professional settings,Hybrid
B008,AI in Context: History & Interdisciplinary,LDI,Achievement,Knowledge checks 80%,Auto-assessed,Scored knowledge checks,No,MCAI.001.01,1.0,1st Cluster 1,None,Remember/Analyze,Broad/Faculty,Faculty & Staff Development,Achievement,Foundational,High,Pending,AI in Context: History and Interdisciplinary Perspectives,1.0,AI / ML,Apply AI concepts and tools in academic or professional settings,Hybrid
B009,PM Healthcare — Course 1: Introduction,LDI,Achievement,Module completion,Auto-assessed,Platform-tracked,No,MCHC.001.01,1.0,1st of 4,Foundation,Apply/Analyze,Healthcare professionals,Continuing & Professional Education,Achievement,Foundational,High,Pending,Project Management in Healthcare – Course 1: Introduction,1.0,Professional Development,Apply project management concepts in healthcare contexts,Hybrid
B010,PM Healthcare — Course 2: Intermediate,LDI,Achievement,Module quizzes,Auto-assessed,Scored quizzes,No,MCHC.001.02,2.0,2nd of 4,Intermediate,Analyze/Apply,Healthcare professionals,Continuing & Professional Education,Achievement,Milestone,High,Pending,Project Management in Healthcare – Course 2: Intermediate,1.0,Professional Development,Apply project management concepts in healthcare contexts,Hybrid
B011,PM Healthcare — Course 3: Advanced,LDI,Achievement,Module completion,Auto-assessed,Platform-tracked,No,MCHC.001.03,3.0,3rd of 4,Advanced,Analyze/Evaluate,Healthcare professionals,Continuing & Professional Education,Achievement,Milestone,High,Pending,Project Management in Healthcare – Course 3: Advanced,1.0,Professional Development,Apply project management concepts in healthcare contexts,Hybrid
B012,PM Healthcare — Course 4: Agile,LDI,Achievement,Module completion,Auto-assessed,Platform-tracked,No,MCHC.001.04,4.0,4th of 4,Advanced,Apply/Analyze,Healthcare professionals,Continuing & Professional Education,Achievement,Milestone,High,Pending,Project Management in Healthcare – Course 4: Agile,1.0,Professional Development,Apply project management concepts in healthcare contexts,Hybrid
B013,Make 101: Introduction to Makerspace,Makerspace,Achievement,Final assessment 90%,Expert-scored,Scored assessment,Yes,,,Parallel 1 of 3,Foundation,Remember/Understand,Students/Faculty,Academic,Skill,Awareness,High,Pending,Make 101: Introduction to the Makerspace,1.0,Academic Skills,Build hands-on prototyping and makerspace skills,Workshop
B014,Make 102: Introduction to CO2 Laser Cutting,Makerspace,Achievement,Final assessment 90%,Expert-scored,Scored assessment,Yes,,,Parallel 1 of 3,Foundation,Apply/Understand,Students/Faculty,Academic,Skill,Application,High,Pending,Make 102: Introduction to CO2 Laser Cutting,1.0,Academic Skills,Apply laser cutting techniques safely and effectively,Workshop
B015,Make 103: Introduction to 3D Printing,Makerspace,Achievement,Final assessment 90%,Expert-scored,Scored assessment,Yes,,,Parallel 1 of 3,Foundation,Apply/Understand,Students/Faculty,Academic,Skill,Application,High,Pending,Make 103: Introduction to 3D Printing,1.0,Academic Skills,Apply 3D printing techniques for prototyping and fabrication,Workshop
B016,Make 242: Introduction to Woodshop,Makerspace,Achievement,Online 90% + practical,Expert-scored,Dual modality,Yes,,,Standalone,Foundation,Apply,Students/Faculty,Academic,Skill,Application,High,Pending,Make 242: Introduction to the Woodshop,0.943,Academic Skills,Use woodshop tools safely for fabrication projects,Workshop
B017,MakerSpeak: Iterate to Innovate,Makerspace,Achievement,Attendance,None,None,No,,,Standalone,None,Remember/Understand,Students/Engineers,Academic,Souvenir,Souvenir,High,Pending,MakerSpeak: Iterate to Innovate,1.0,Academic Skills,Build hands-on prototyping and makerspace skills,Workshop
B018,Change Management Capstone,OSIL,Achievement,Team project presentation,Expert-scored,Project output,Yes,,,End of Pathway,Terminal,Apply/Synthesize,Students,Co-Curricular and Extra-Curricular,Achievement,Terminal,High,Pending,Change Management Capstone,1.0,Leadership,Apply change management strategies in practical scenarios,Hybrid
B019,Change Management — Foundational,OSIL,Achievement,Pre/post assessment,Auto-assessed,Assessment scores,No,,,1st of 3,Foundation,Understand/Apply,Students,Co-Curricular and Extra-Curricular,Achievement,Foundational,High,Pending,Change Management - Foundational,1.0,Leadership,Apply change management strategies in practical scenarios,Hybrid
B020,Strategic Thinking Capstone,OSIL,Achievement,Team project presentation,Expert-scored,Project output,Yes,,,End of Pathway,Terminal,Apply/Synthesize,Students,Co-Curricular and Extra-Curricular,Achievement,Terminal,High,Pending,Strategic Thinking - Capstone,1.0,Leadership,Strengthen strategic analysis and decision-making skills,Hybrid
B021,Change Management — Intermediate,OSIL,Achievement,Pre/post assessment,Auto-assessed,Assessment scores,No,,,2nd of 3,Milestone,Apply/Analyze,Students,Co-Curricular and Extra-Curricular,Achievement,Milestone,High,Pending,Change Management Intermediate,1.0,Leadership,Apply change management strategies in practical scenarios,Hybrid
B022,Entrepreneurial Experience Badge,OSIL,Competency,Real-world experience (OR),Expert-scored,Self-reported/verified,Yes,,,Standalone,Intermediate,Apply/Create,Students/Entrepreneurs,Co-Curricular and Extra-Curricular,Competency,Demonstrated,Medium,Pending,Entrepreneurial Experience Badge,1.0,Professional Development,Develop entrepreneurial thinking and practical business skills,Hybrid
B023,Workplace Readiness Capstone,OSIL,Achievement,Team project presentation,Expert-scored,Project output,Yes,,,End of Pathway,Terminal,Apply/Synthesize,Students,Co-Curricular and Extra-Curricular,Achievement,Terminal,High,Pending,Workplace Readiness - Capstone,1.0,Professional Development,Develop workplace skills that improve career preparedness,Hybrid
B024,Entrepreneurship Essentials Badge,OSIL,Certificate Of Completion,Quiz + attendance,Auto-assessed,Quiz completion,No,,,Standalone,Foundation,Remember/Understand,Students,Co-Curricular and Extra-Curricular,Achievement,Foundational,High,Pending,Entrepreneurship Essentials Badge,1.0,Professional Development,Develop entrepreneurial thinking and practical business skills,Hybrid
B025,NJIT/NYSCC Formulation Workshop,NCE,Achievement,Active participation + lab,Expert-scored,Observed/demonstrated,Yes,,,Standalone,Foundation,Understand/Apply,Engineering students,Academic,Skill,Awareness,High,Pending,NJIT/NYSCC Formulation Workshop,1.0,Academic Skills,Apply formulation and engineering concepts in lab settings,Workshop
B026,CPT Course,OGI,Achievement,Modules + quizzes,Auto-assessed,Handshake submission,No,,,Standalone — compliance gate,None,Understand,F-1 international students,Unknown — Open Q001,Achievement,Foundational,Low,Pending,CPT Course,1.0,Professional Development,Understand employment compliance requirements for international students,Self-paced
B027,AI Literacy Microcredential,LDI,Micro Credential,All 3 milestone badges,Auto-assessed,Platform-verified,No,,,End of Pathway,Terminal,Apply/Evaluate,Broad/Faculty,Faculty & Staff Development,Achievement,Terminal,High,Pending,AI Literacy,1.0,AI / ML,Apply AI concepts and tools in academic or professional settings,Hybrid
B028,PM Healthcare Microcredential,LDI,Micro Credential,All 4 course badges,Auto-assessed,Platform-verified,No,MCHC.001.00,0.0,End of Pathway,Terminal,Apply/Evaluate,Healthcare professionals,Continuing & Professional Education,Achievement,Terminal,High,Pending,Project Management In Healthcare Microcredential,0.753,Professional Development,Apply project management concepts in healthcare contexts,Hybrid
B029,AI for Educators Microcredential,LDI,Micro Credential,All 3 course badges,Auto-assessed,Platform-verified,No,MCAI.002.00,0.0,End of Pathway,Terminal,Apply/Synthesize,Educators/Faculty,Faculty & Staff Development,Achievement,Terminal,High,Pending,AI for Educators,1.0,AI / ML,Apply AI concepts and tools in academic or professional settings,Hybrid
