badge_id,badge_title,issuer_unit,taxonomy_category,taxonomy_type,taxonomy_level,self_declared_level,pathway_position,audience_signal,confidence,reviewer_status,primary_skill_category,learning_outcome_summary,delivery_mode,source_dataset
B001,2026 Infrastructure Forum,LDI,Continuing & Professional Education,Souvenir,Souvenir,None,Standalone,Industry/Professional,High,Pending,Professional Development,Build professional skills through guided learning experiences,Workshop,master_dataset
B002,AI in the Workplace,LDI,Continuing & Professional Education,Achievement,Foundational,Foundation-Int,Standalone,Working professionals,Medium,Pending,AI / ML,Apply AI concepts and tools in academic or professional settings,Hybrid,master_dataset
B003,AI for Administrative Efficiency,LDI,Faculty & Staff Development,Achievement,Milestone,None,3rd of 3,Educator/Faculty,High,Pending,AI / ML,Apply AI concepts and tools in academic or professional settings,Hybrid,master_dataset
B004,Introduction to AI in Education,LDI,Faculty & Staff Development,Achievement,Foundational,Foundation,1st of 3,Educator/Faculty,High,Pending,AI / ML,Apply AI concepts and tools in academic or professional settings,Hybrid,master_dataset
B005,AI-Enhanced Instructional Practices,LDI,Faculty & Staff Development,Achievement,Milestone,None,2nd of 3,Educator/Faculty,High,Pending,AI / ML,Apply AI concepts and tools in academic or professional settings,Hybrid,master_dataset
B006,Adaptability & Lifelong Learning with AI,LDI,Faculty & Staff Development,Achievement,Milestone,Foundation,3rd Cluster 1,Broad/Faculty,High,Pending,AI / ML,Apply AI concepts and tools in academic or professional settings,Hybrid,master_dataset
B007,AI Literacy and Fundamentals,LDI,Faculty & Staff Development,Achievement,Milestone,Foundation,2nd Cluster 1,Broad/Faculty,High,Pending,AI / ML,Apply AI concepts and tools in academic or professional settings,Hybrid,master_dataset
B008,AI in Context: History & Interdisciplinary,LDI,Faculty & Staff Development,Achievement,Foundational,None,1st Cluster 1,Broad/Faculty,High,Pending,AI / ML,Apply AI concepts and tools in academic or professional settings,Hybrid,master_dataset
B009,PM Healthcare — Course 1: Introduction,LDI,Continuing & Professional Education,Achievement,Foundational,Foundation,1st of 4,Healthcare professionals,High,Pending,Professional Development,Apply project management concepts in healthcare contexts,Hybrid,master_dataset
B010,PM Healthcare — Course 2: Intermediate,LDI,Continuing & Professional Education,Achievement,Milestone,Intermediate,2nd of 4,Healthcare professionals,High,Pending,Professional Development,Apply project management concepts in healthcare contexts,Hybrid,master_dataset
B011,PM Healthcare — Course 3: Advanced,LDI,Continuing & Professional Education,Achievement,Milestone,Advanced,3rd of 4,Healthcare professionals,High,Pending,Professional Development,Apply project management concepts in healthcare contexts,Hybrid,master_dataset
B012,PM Healthcare — Course 4: Agile,LDI,Continuing & Professional Education,Achievement,Milestone,Advanced,4th of 4,Healthcare professionals,High,Pending,Professional Development,Apply project management concepts in healthcare contexts,Hybrid,master_dataset
B013,Make 101: Introduction to Makerspace,Makerspace,Academic,Skill,Awareness,Foundation,Parallel 1 of 3,Students/Faculty,High,Pending,Academic Skills,Build hands-on prototyping and makerspace skills,Workshop,master_dataset
B014,Make 102: Introduction to CO2 Laser Cutting,Makerspace,Academic,Skill,Application,Foundation,Parallel 1 of 3,Students/Faculty,High,Pending,Academic Skills,Apply laser cutting techniques safely and effectively,Workshop,master_dataset
B015,Make 103: Introduction to 3D Printing,Makerspace,Academic,Skill,Application,Foundation,Parallel 1 of 3,Students/Faculty,High,Pending,Academic Skills,Apply 3D printing techniques for prototyping and fabrication,Workshop,master_dataset
B016,Make 242: Introduction to Woodshop,Makerspace,Academic,Skill,Application,Foundation,Standalone,Students/Faculty,High,Pending,Academic Skills,Use woodshop tools safely for fabrication projects,Workshop,master_dataset
B017,MakerSpeak: Iterate to Innovate,Makerspace,Academic,Souvenir,Souvenir,None,Standalone,Students/Engineers,High,Pending,Academic Skills,Build hands-on prototyping and makerspace skills,Workshop,master_dataset
B018,Change Management Capstone,OSIL,Co-Curricular and Extra-Curricular,Achievement,Terminal,Terminal,End of Pathway,Students,High,Pending,Leadership,Apply change management strategies in practical scenarios,Hybrid,master_dataset
B019,Change Management — Foundational,OSIL,Co-Curricular and Extra-Curricular,Achievement,Foundational,Foundation,1st of 3,Students,High,Pending,Leadership,Apply change management strategies in practical scenarios,Hybrid,master_dataset
B020,Strategic Thinking Capstone,OSIL,Co-Curricular and Extra-Curricular,Achievement,Terminal,Terminal,End of Pathway,Students,High,Pending,Leadership,Strengthen strategic analysis and decision-making skills,Hybrid,master_dataset
B021,Change Management — Intermediate,OSIL,Co-Curricular and Extra-Curricular,Achievement,Milestone,Milestone,2nd of 3,Students,High,Pending,Leadership,Apply change management strategies in practical scenarios,Hybrid,master_dataset
B022,Entrepreneurial Experience Badge,OSIL,Co-Curricular and Extra-Curricular,Competency,Demonstrated,Intermediate,Standalone,Students/Entrepreneurs,Medium,Pending,Professional Development,Develop entrepreneurial thinking and practical business skills,Hybrid,master_dataset
B023,Workplace Readiness Capstone,OSIL,Co-Curricular and Extra-Curricular,Achievement,Terminal,Terminal,End of Pathway,Students,High,Pending,Professional Development,Develop workplace skills that improve career preparedness,Hybrid,master_dataset
B024,Entrepreneurship Essentials Badge,OSIL,Co-Curricular and Extra-Curricular,Achievement,Foundational,Foundation,Standalone,Students,High,Pending,Professional Development,Develop entrepreneurial thinking and practical business skills,Hybrid,master_dataset
B025,NJIT/NYSCC Formulation Workshop,NCE,Academic,Skill,Awareness,Foundation,Standalone,Engineering students,High,Pending,Academic Skills,Apply formulation and engineering concepts in lab settings,Workshop,master_dataset
B026,CPT Course,OGI,Unknown — Open Q001,Achievement,Foundational,None,Standalone — compliance gate,F-1 international students,Low,Pending,Professional Development,Understand employment compliance requirements for international students,Self-paced,master_dataset
B027,AI Literacy Microcredential,LDI,Faculty & Staff Development,Achievement,Terminal,Terminal,End of Pathway,Broad/Faculty,High,Pending,AI / ML,Apply AI concepts and tools in academic or professional settings,Hybrid,master_dataset
B028,PM Healthcare Microcredential,LDI,Continuing & Professional Education,Achievement,Terminal,Terminal,End of Pathway,Healthcare professionals,High,Pending,Professional Development,Apply project management concepts in healthcare contexts,Hybrid,master_dataset
B029,AI for Educators Microcredential,LDI,Faculty & Staff Development,Achievement,Terminal,Terminal,End of Pathway,Educators/Faculty,High,Pending,AI / ML,Apply AI concepts and tools in academic or professional settings,Hybrid,master_dataset
SYN-001,2026 Infrastructure Forum,The Learning and Development Initiative (LDI),Continuing and Professional Education Digital Badge,Adult Learner or Working Professional,Foundational,Foundational,No standalone badge offering.,"Adult learners, working professionals, external audiences",,,Professional Development,Build professional skills through guided learning experiences,Workshop,provided_dataset
SYN-002,Adaptability & Lifelong Learning with AI,The Learning and Development Initiative (LDI),Continuing and Professional Education Digital Badge,Adult Learner or Working Professional,Applied,Applied,No standalone badge offering.,"Adult learners, working professionals, external audiences",,,AI / ML,Apply AI concepts and tools in academic or professional settings,Hybrid,provided_dataset
SYN-003,AI and Data Proficiency,The Learning and Development Initiative (LDI),Continuing and Professional Education Digital Badge,Adult Learner or Working Professional,Applied,Applied,No standalone badge offering.,"Adult learners, working professionals, external audiences",,,AI / ML,Apply AI concepts and tools in academic or professional settings,Hybrid,provided_dataset
SYN-004,AI for Administrative Efficiency,The Learning and Development Initiative (LDI),Continuing and Professional Education Digital Badge,Staff or Administrator,Applied,Applied,No standalone badge offering.,"Adult learners, working professionals, external audiences",,,AI / ML,Apply AI concepts and tools in academic or professional settings,Hybrid,provided_dataset
SYN-005,AI for Educators,The Learning and Development Initiative (LDI),Continuing and Professional Education Digital Badge,Faculty or Instructional Staff,Applied,Applied,No standalone badge offering.,"Educators, professionals",,,AI / ML,Apply AI concepts and tools in academic or professional settings,Hybrid,provided_dataset
SYN-006,AI in Art and Design Summit,The Learning and Development Initiative (LDI),Continuing and Professional Education Digital Badge,Adult Learner or Working Professional,Foundational,Foundational,No standalone badge offering.,"Adult learners, working professionals, external audiences",,,AI / ML,Apply AI concepts and tools in academic or professional settings,Hybrid,provided_dataset
SYN-007,AI in Context: History and Interdisciplinary Perspectives,The Learning and Development Initiative (LDI),Continuing and Professional Education Digital Badge,Adult Learner or Working Professional,Applied,Applied,No standalone badge offering.,"Adult learners, working professionals, external audiences",,,AI / ML,Apply AI concepts and tools in academic or professional settings,Hybrid,provided_dataset
SYN-008,AI in the Workplace,The Learning and Development Initiative (LDI),Continuing and Professional Education Digital Badge,Adult Learner or Working Professional,Applied,Applied,No standalone badge offering.,"Adult learners, working professionals, external audiences",,,AI / ML,Apply AI concepts and tools in academic or professional settings,Hybrid,provided_dataset
SYN-009,AI Literacy,The Learning and Development Initiative (LDI),Continuing and Professional Education Digital Badge,Adult Learner or Working Professional,Foundational,Foundational,No standalone badge offering.,"Adult learners, working professionals, external audiences",,,AI / ML,Apply AI concepts and tools in academic or professional settings,Hybrid,provided_dataset
SYN-010,AI Literacy and Fundamentals,The Learning and Development Initiative (LDI),Continuing and Professional Education Digital Badge,Adult Learner or Working Professional,Foundational,Foundational,No standalone badge offering.,"Adult learners, working professionals, external audiences",,,AI / ML,Apply AI concepts and tools in academic or professional settings,Hybrid,provided_dataset
SYN-011,AI Prompting for Business,The Learning and Development Initiative (LDI),Continuing and Professional Education Digital Badge,Adult Learner or Working Professional,Applied,Applied,No standalone badge offering.,"Adult learners, working professionals, external audiences",,,AI / ML,Apply AI concepts and tools in academic or professional settings,Hybrid,provided_dataset
SYN-012,AI-Enhanced Instructional Practices,The Learning and Development Initiative (LDI),Continuing and Professional Education Digital Badge,Faculty or Instructional Staff,Applied,Applied,No standalone badge offering.,"Adult learners, working professionals, external audiences",,,AI / ML,Apply AI concepts and tools in academic or professional settings,Hybrid,provided_dataset
SYN-013,Critical Evaluation of Generative AI Outputs,The Learning and Development Initiative (LDI),Continuing and Professional Education Digital Badge,Adult Learner or Working Professional,Applied,Applied,No standalone badge offering.,"Adult learners, working professionals, external audiences",,,AI / ML,Apply AI concepts and tools in academic or professional settings,Hybrid,provided_dataset
SYN-014,Effective and Responsible Use of AI,The Learning and Development Initiative (LDI),Continuing and Professional Education Digital Badge,Adult Learner or Working Professional,Applied,Applied,No standalone badge offering.,"Adult learners, working professionals, external audiences",,,AI / ML,Apply AI concepts and tools in academic or professional settings,Hybrid,provided_dataset
SYN-015,Ethical and Responsible Use of AI,The Learning and Development Initiative (LDI),Continuing and Professional Education Digital Badge,Adult Learner or Working Professional,Applied,Applied,No standalone badge offering.,"Adult learners, working professionals, external audiences",,,AI / ML,Apply AI concepts and tools in academic or professional settings,Hybrid,provided_dataset
SYN-016,Foundations of AI,The Learning and Development Initiative (LDI),Continuing and Professional Education Digital Badge,Adult Learner or Working Professional,Applied,Applied,No standalone badge offering.,"Adult learners, working professionals, external audiences",,,AI / ML,Apply AI concepts and tools in academic or professional settings,Hybrid,provided_dataset
SYN-017,Introduction to AI in Education,The Learning and Development Initiative (LDI),Continuing and Professional Education Digital Badge,Adult Learner or Working Professional,Foundational,Foundational,No standalone badge offering.,"Adult learners, working professionals, external audiences",,,AI / ML,Apply AI concepts and tools in academic or professional settings,Hybrid,provided_dataset
SYN-018,Machine Learning Awareness,The Learning and Development Initiative (LDI),Continuing and Professional Education Digital Badge,Adult Learner or Working Professional,Foundational,Foundational,No standalone badge offering.,"Adult learners, working professionals, external audiences",,,AI / ML,Understand core modeling concepts and practical machine learning applications,Hybrid,provided_dataset
SYN-019,New Jersey Future Energy Transmission Conference 2025,The Learning and Development Initiative (LDI),Continuing and Professional Education Digital Badge,Adult Learner or Working Professional,Applied,Applied,No standalone badge offering.,"Adult learners, working professionals, external audiences",,,Data Science,Understand energy topics and related professional applications,Workshop,provided_dataset
SYN-020,Project Management In Healthcare Microcredential,The Learning and Development Initiative (LDI),Continuing and Professional Education Digital Badge,Working Professional,Capstone/Microcredential,Capstone/Microcredential,Yes - connected to a pathway or sequenced badge series.,"Adult learners, working professionals, external audiences",,,Professional Development,Apply project management concepts in healthcare contexts,Hybrid,provided_dataset
SYN-021,Project Management in Healthcare – Course 1: Introduction,The Learning and Development Initiative (LDI),Continuing and Professional Education Digital Badge,Working Professional,Foundational,Foundational,Yes - connected to a pathway or sequenced badge series.,"Adult learners, working professionals, external audiences",,,Professional Development,Apply project management concepts in healthcare contexts,Hybrid,provided_dataset
SYN-022,Project Management in Healthcare – Course 2: Intermediate,The Learning and Development Initiative (LDI),Continuing and Professional Education Digital Badge,Working Professional,Intermediate,Intermediate,Yes - connected to a pathway or sequenced badge series.,"Adult learners, working professionals, external audiences",,,Professional Development,Apply project management concepts in healthcare contexts,Hybrid,provided_dataset
SYN-023,Project Management in Healthcare – Course 3: Advanced,The Learning and Development Initiative (LDI),Continuing and Professional Education Digital Badge,Working Professional,Advanced,Advanced,Yes - connected to a pathway or sequenced badge series.,"Adult learners, working professionals, external audiences",,,Professional Development,Apply project management concepts in healthcare contexts,Hybrid,provided_dataset
SYN-024,Project Management in Healthcare – Course 4: Agile,The Learning and Development Initiative (LDI),Continuing and Professional Education Digital Badge,Working Professional,Applied,Applied,Yes - connected to a pathway or sequenced badge series.,"Adult learners, working professionals, external audiences",,,Professional Development,Apply project management concepts in healthcare contexts,Hybrid,provided_dataset
SYN-025,Prompting for Generative AI,The Learning and Development Initiative (LDI),Continuing and Professional Education Digital Badge,Adult Learner or Working Professional,Applied,Applied,No standalone badge offering.,"Adult learners, working professionals, external audiences",,,AI / ML,Apply AI concepts and tools in academic or professional settings,Hybrid,provided_dataset
SYN-026,Responsible and Innovative Use of AI in Academics,The Learning and Development Initiative (LDI),Continuing and Professional Education Digital Badge,Adult Learner or Working Professional,Applied,Applied,No standalone badge offering.,"Adult learners, working professionals, external audiences",,,AI / ML,Apply AI concepts and tools in academic or professional settings,Hybrid,provided_dataset
SYN-027,Risk Assessment and Hazard Evaluation Techniques in Industrial Settings,The Learning and Development Initiative (LDI),Continuing and Professional Education Digital Badge,Adult Learner or Working Professional,Applied,Applied,No standalone badge offering.,"Adult learners, working professionals, external audiences",,,Professional Development,Apply safety practices in industrial environments,Hybrid,provided_dataset
SYN-028,Technical Aspects of AI,The Learning and Development Initiative (LDI),Continuing and Professional Education Digital Badge,Adult Learner or Working Professional,Applied,Applied,No standalone badge offering.,"Adult learners, working professionals, external audiences",,,AI / ML,Apply AI concepts and tools in academic or professional settings,Hybrid,provided_dataset
SYN-029,Understanding Neural Networks and Deep Learning,The Learning and Development Initiative (LDI),Continuing and Professional Education Digital Badge,Adult Learner or Working Professional,Applied,Applied,No standalone badge offering.,"Adult learners, working professionals, external audiences",,,AI / ML,Understand core modeling concepts and practical machine learning applications,Hybrid,provided_dataset
SYN-030,Change Management - Foundational,Office of Student Involvement and Leadership,Co- and Extra-Curricular Digital Badge,Undergraduate or Graduate Student,Foundational,Foundational,Yes - connected to a pathway or sequenced badge series.,Current students,,,Leadership,Apply change management strategies in practical scenarios,Hybrid,provided_dataset
SYN-031,Change Management Capstone,Office of Student Involvement and Leadership,Co- and Extra-Curricular Digital Badge,Undergraduate or Graduate Student,Capstone/Microcredential,Capstone/Microcredential,Yes - connected to a pathway or sequenced badge series.,Current students,,,Leadership,Apply change management strategies in practical scenarios,Hybrid,provided_dataset
SYN-032,Change Management Intermediate,Office of Student Involvement and Leadership,Co- and Extra-Curricular Digital Badge,Undergraduate or Graduate Student,Intermediate,Intermediate,Yes - connected to a pathway or sequenced badge series.,Current students,,,Leadership,Apply change management strategies in practical scenarios,Hybrid,provided_dataset
SYN-033,Entrepreneurial Experience Badge,Office of Student Involvement and Leadership,Co- and Extra-Curricular Digital Badge,Student Leader,Applied,Applied,No standalone badge offering.,Current students,,,Professional Development,Develop entrepreneurial thinking and practical business skills,Hybrid,provided_dataset
SYN-034,Entrepreneurship Essentials Badge,Office of Student Involvement and Leadership,Co- and Extra-Curricular Digital Badge,Student Leader,Applied,Applied,No standalone badge offering.,Current students,,,Professional Development,Develop entrepreneurial thinking and practical business skills,Hybrid,provided_dataset
SYN-035,Strategic Thinking - Capstone,Office of Student Involvement and Leadership,Co- and Extra-Curricular Digital Badge,Undergraduate or Graduate Student,Capstone/Microcredential,Capstone/Microcredential,Yes - connected to a pathway or sequenced badge series.,Current students,,,Leadership,Strengthen strategic analysis and decision-making skills,Hybrid,provided_dataset
SYN-036,Strategic Thinking - Foundational,Office of Student Involvement and Leadership,Co- and Extra-Curricular Digital Badge,Undergraduate or Graduate Student,Foundational,Foundational,Yes - connected to a pathway or sequenced badge series.,Current students,,,Leadership,Strengthen strategic analysis and decision-making skills,Hybrid,provided_dataset
SYN-037,Strategic Thinking - Intermediate,Office of Student Involvement and Leadership,Co- and Extra-Curricular Digital Badge,Undergraduate or Graduate Student,Intermediate,Intermediate,Yes - connected to a pathway or sequenced badge series.,Current students,,,Leadership,Strengthen strategic analysis and decision-making skills,Hybrid,provided_dataset
SYN-038,Workplace Readiness - Capstone,Office of Student Involvement and Leadership,Co- and Extra-Curricular Digital Badge,Undergraduate or Graduate Student,Capstone/Microcredential,Capstone/Microcredential,Yes - connected to a pathway or sequenced badge series.,Current students,,,Professional Development,Develop workplace skills that improve career preparedness,Hybrid,provided_dataset
SYN-039,Workplace Readiness - Foundational,Office of Student Involvement and Leadership,Co- and Extra-Curricular Digital Badge,Undergraduate or Graduate Student,Foundational,Foundational,Yes - connected to a pathway or sequenced badge series.,Current students,,,Professional Development,Develop workplace skills that improve career preparedness,Hybrid,provided_dataset
SYN-040,Workplace Readiness - Intermediate,Office of Student Involvement and Leadership,Co- and Extra-Curricular Digital Badge,Undergraduate or Graduate Student,Intermediate,Intermediate,Yes - connected to a pathway or sequenced badge series.,Current students,,,Professional Development,Develop workplace skills that improve career preparedness,Hybrid,provided_dataset
SYN-041,CPT Course,Office of Global Initiatives,Co- and Extra-Curricular Digital Badge,International Student,Applied,Applied,No standalone badge offering.,International students,,,Professional Development,Understand employment compliance requirements for international students,Self-paced,provided_dataset
SYN-042,Make 101: Introduction to the Makerspace,NJIT Makerspace,Co- and Extra-Curricular Digital Badge,Undergraduate or Graduate Student,Foundational,Foundational,Yes - connected to a pathway or sequenced badge series.,Current students,,,Academic Skills,Build hands-on prototyping and makerspace skills,Workshop,provided_dataset
SYN-043,Make 102: Introduction to CO2 Laser Cutting,NJIT Makerspace,Co- and Extra-Curricular Digital Badge,Undergraduate or Graduate Student,Foundational,Foundational,Yes - connected to a pathway or sequenced badge series.,Current students,,,Academic Skills,Apply laser cutting techniques safely and effectively,Workshop,provided_dataset
SYN-044,Make 103: Introduction to 3D Printing,NJIT Makerspace,Co- and Extra-Curricular Digital Badge,Undergraduate or Graduate Student,Foundational,Foundational,Yes - connected to a pathway or sequenced badge series.,Current students,,,Academic Skills,Apply 3D printing techniques for prototyping and fabrication,Workshop,provided_dataset
SYN-045,Make 242: Introduction to the Woodshop,NJIT Makerspace,Co- and Extra-Curricular Digital Badge,Undergraduate or Graduate Student,Foundational,Foundational,Yes - connected to a pathway or sequenced badge series.,Current students,,,Academic Skills,Use woodshop tools safely for fabrication projects,Workshop,provided_dataset
SYN-046,Makerspace Basics,NJIT Makerspace,Co- and Extra-Curricular Digital Badge,Undergraduate or Graduate Student,Foundational,Foundational,Yes - connected to a pathway or sequenced badge series.,Current students,,,Academic Skills,Build hands-on prototyping and makerspace skills,Workshop,provided_dataset
SYN-047,MakerSpeak: 3D Concrete Printing,NJIT Makerspace,Co- and Extra-Curricular Digital Badge,Undergraduate or Graduate Student,Applied,Applied,No standalone badge offering.,Current students,,,Academic Skills,Build hands-on prototyping and makerspace skills,Workshop,provided_dataset
SYN-048,MakerSpeak: Attention! to Details,NJIT Makerspace,Co- and Extra-Curricular Digital Badge,Undergraduate or Graduate Student,Applied,Applied,No standalone badge offering.,Current students,,,AI / ML,Apply AI concepts and tools in academic or professional settings,Workshop,provided_dataset
SYN-049,MakerSpeak: Iterate to Innovate,NJIT Makerspace,Co- and Extra-Curricular Digital Badge,Undergraduate or Graduate Student,Applied,Applied,No standalone badge offering.,Current students,,,Academic Skills,Build hands-on prototyping and makerspace skills,Workshop,provided_dataset
SYN-050,NJIT/NYSCC Formulation Workshop,Newark College of Engineering,Not publicly available,Student or Industry Professional,Applied,Applied,No standalone badge offering.,"Students, professionals, industry participants",,,Academic Skills,Apply formulation and engineering concepts in lab settings,Workshop,provided_dataset
SYN-051,2026 Infrastructure Forum,The Learning and Development Initiative (LDI),Continuing and Professional Education Digital Badge,Adult Learner or Working Professional,Foundational,Foundational,No standalone badge offering.,"Adult learners, working professionals, and external participants",,,Professional Development,Build professional skills through guided learning experiences,Hybrid,provided_dataset
SYN-052,Adaptability & Lifelong Learning with AI,The Learning and Development Initiative (LDI),Continuing and Professional Education Digital Badge,Adult Learner or Working Professional,Applied,Applied,No standalone badge offering.,"Adult learners, working professionals, and external participants",,,AI / ML,Apply AI concepts and tools in academic or professional settings,Online,provided_dataset
SYN-053,AI and Data Proficiency,The Learning and Development Initiative (LDI),Continuing and Professional Education Digital Badge,Adult Learner or Working Professional,Applied,Applied,No standalone badge offering.,"Adult learners, working professionals, and external participants",,,AI / ML,Apply AI concepts and tools in academic or professional settings,Workshop,provided_dataset
SYN-054,AI for Administrative Efficiency,The Learning and Development Initiative (LDI),Continuing and Professional Education Digital Badge,Staff or Administrator,Applied,Applied,No standalone badge offering.,NJIT staff and administrators,,,AI / ML,Apply AI concepts and tools in academic or professional settings,Hybrid,provided_dataset
SYN-055,AI for Educators,The Learning and Development Initiative (LDI),Continuing and Professional Education Digital Badge,Faculty or Instructional Staff,Applied,Applied,No standalone badge offering.,"Faculty, instructors, and instructional staff",,,AI / ML,Apply AI concepts and tools in academic or professional settings,Workshop,provided_dataset
SYN-056,AI in Art and Design Summit,The Learning and Development Initiative (LDI),Continuing and Professional Education Digital Badge,Adult Learner or Working Professional,Foundational,Foundational,No standalone badge offering.,"Adult learners, working professionals, and external participants",,,AI / ML,Apply AI concepts and tools in academic or professional settings,Hybrid,provided_dataset
SYN-057,AI in Context: History and Interdisciplinary Perspectives,The Learning and Development Initiative (LDI),Continuing and Professional Education Digital Badge,Adult Learner or Working Professional,Applied,Applied,No standalone badge offering.,"Adult learners, working professionals, and external participants",,,AI / ML,Apply AI concepts and tools in academic or professional settings,Self-paced,provided_dataset
SYN-058,AI in the Workplace,The Learning and Development Initiative (LDI),Continuing and Professional Education Digital Badge,Adult Learner or Working Professional,Applied,Applied,No standalone badge offering.,"Adult learners, working professionals, and external participants",,,AI / ML,Apply AI concepts and tools in academic or professional settings,Hybrid,provided_dataset
SYN-059,AI Literacy,The Learning and Development Initiative (LDI),Continuing and Professional Education Digital Badge,Adult Learner or Working Professional,Foundational,Foundational,No standalone badge offering.,"Adult learners, working professionals, and external participants",,,AI / ML,Apply AI concepts and tools in academic or professional settings,Hybrid,provided_dataset
SYN-060,AI Literacy and Fundamentals,The Learning and Development Initiative (LDI),Continuing and Professional Education Digital Badge,Adult Learner or Working Professional,Foundational,Foundational,No standalone badge offering.,"Adult learners, working professionals, and external participants",,,AI / ML,Apply AI concepts and tools in academic or professional settings,Self-paced,provided_dataset
SYN-061,AI Prompting for Business,The Learning and Development Initiative (LDI),Continuing and Professional Education Digital Badge,Adult Learner or Working Professional,Applied,Applied,No standalone badge offering.,"Adult learners, working professionals, and external participants",,,AI / ML,Apply AI concepts and tools in academic or professional settings,Self-paced,provided_dataset
SYN-062,AI-Enhanced Instructional Practices,The Learning and Development Initiative (LDI),Continuing and Professional Education Digital Badge,Faculty or Instructional Staff,Applied,Applied,No standalone badge offering.,"Faculty, instructors, and instructional staff",,,AI / ML,Apply AI concepts and tools in academic or professional settings,Hybrid,provided_dataset
SYN-063,Critical Evaluation of Generative AI Outputs,The Learning and Development Initiative (LDI),Continuing and Professional Education Digital Badge,Adult Learner or Working Professional,Applied,Applied,No standalone badge offering.,"Adult learners, working professionals, and external participants",,,AI / ML,Apply AI concepts and tools in academic or professional settings,Self-paced,provided_dataset
SYN-064,Effective and Responsible Use of AI,The Learning and Development Initiative (LDI),Continuing and Professional Education Digital Badge,Adult Learner or Working Professional,Applied,Applied,No standalone badge offering.,"Adult learners, working professionals, and external participants",,,AI / ML,Apply AI concepts and tools in academic or professional settings,Hybrid,provided_dataset
SYN-065,Ethical and Responsible Use of AI,The Learning and Development Initiative (LDI),Continuing and Professional Education Digital Badge,Adult Learner or Working Professional,Applied,Applied,No standalone badge offering.,"Adult learners, working professionals, and external participants",,,AI / ML,Apply AI concepts and tools in academic or professional settings,Workshop,provided_dataset
SYN-066,Foundations of AI,The Learning and Development Initiative (LDI),Continuing and Professional Education Digital Badge,Adult Learner or Working Professional,Applied,Applied,No standalone badge offering.,"Adult learners, working professionals, and external participants",,,AI / ML,Apply AI concepts and tools in academic or professional settings,Online,provided_dataset
SYN-067,Introduction to AI in Education,The Learning and Development Initiative (LDI),Continuing and Professional Education Digital Badge,Adult Learner or Working Professional,Foundational,Foundational,No standalone badge offering.,"Adult learners, working professionals, and external participants",,,AI / ML,Apply AI concepts and tools in academic or professional settings,Workshop,provided_dataset
SYN-068,Machine Learning Awareness,The Learning and Development Initiative (LDI),Continuing and Professional Education Digital Badge,Adult Learner or Working Professional,Foundational,Foundational,No standalone badge offering.,"Adult learners, working professionals, and external participants",,,AI / ML,Understand core modeling concepts and practical machine learning applications,Self-paced,provided_dataset
SYN-069,New Jersey Future Energy Transmission Conference 2025,The Learning and Development Initiative (LDI),Continuing and Professional Education Digital Badge,Adult Learner or Working Professional,Applied,Applied,No standalone badge offering.,"Adult learners, working professionals, and external participants",,,Data Science,Understand energy topics and related professional applications,Hybrid,provided_dataset
SYN-070,Project Management In Healthcare Microcredential,The Learning and Development Initiative (LDI),Continuing and Professional Education Digital Badge,Working Professional,Capstone/Microcredential,Capstone/Microcredential,Yes - connected to a pathway or sequenced badge series.,Working professionals and adult learners,,,Professional Development,Apply project management concepts in healthcare contexts,Hybrid,provided_dataset
SYN-071,Project Management in Healthcare – Course 1: Introduction,The Learning and Development Initiative (LDI),Continuing and Professional Education Digital Badge,Working Professional,Foundational,Foundational,Yes - connected to a pathway or sequenced badge series.,Working professionals and adult learners,,,Professional Development,Apply project management concepts in healthcare contexts,Self-paced,provided_dataset
SYN-072,Project Management in Healthcare – Course 2: Intermediate,The Learning and Development Initiative (LDI),Continuing and Professional Education Digital Badge,Working Professional,Intermediate,Intermediate,Yes - connected to a pathway or sequenced badge series.,Working professionals and adult learners,,,Professional Development,Apply project management concepts in healthcare contexts,Hybrid,provided_dataset
SYN-073,Project Management in Healthcare – Course 3: Advanced,The Learning and Development Initiative (LDI),Continuing and Professional Education Digital Badge,Working Professional,Advanced,Advanced,Yes - connected to a pathway or sequenced badge series.,Working professionals and adult learners,,,Professional Development,Apply project management concepts in healthcare contexts,Online,provided_dataset
SYN-074,Project Management in Healthcare – Course 4: Agile,The Learning and Development Initiative (LDI),Continuing and Professional Education Digital Badge,Working Professional,Applied,Applied,Yes - connected to a pathway or sequenced badge series.,Working professionals and adult learners,,,Professional Development,Apply project management concepts in healthcare contexts,Online,provided_dataset
SYN-075,Prompting for Generative AI,The Learning and Development Initiative (LDI),Continuing and Professional Education Digital Badge,Adult Learner or Working Professional,Applied,Applied,No standalone badge offering.,"Adult learners, working professionals, and external participants",,,AI / ML,Apply AI concepts and tools in academic or professional settings,Online,provided_dataset
SYN-076,Responsible and Innovative Use of AI in Academics,The Learning and Development Initiative (LDI),Continuing and Professional Education Digital Badge,Adult Learner or Working Professional,Applied,Applied,No standalone badge offering.,"Adult learners, working professionals, and external participants",,,AI / ML,Apply AI concepts and tools in academic or professional settings,Self-paced,provided_dataset
SYN-077,Risk Assessment and Hazard Evaluation Techniques in Industrial Settings,The Learning and Development Initiative (LDI),Continuing and Professional Education Digital Badge,Adult Learner or Working Professional,Applied,Applied,No standalone badge offering.,"Adult learners, working professionals, and external participants",,,Professional Development,Apply safety practices in industrial environments,Hybrid,provided_dataset
SYN-078,Technical Aspects of AI,The Learning and Development Initiative (LDI),Continuing and Professional Education Digital Badge,Adult Learner or Working Professional,Applied,Applied,No standalone badge offering.,"Adult learners, working professionals, and external participants",,,AI / ML,Apply AI concepts and tools in academic or professional settings,Hybrid,provided_dataset
SYN-079,Understanding Neural Networks and Deep Learning,The Learning and Development Initiative (LDI),Continuing and Professional Education Digital Badge,Adult Learner or Working Professional,Applied,Applied,No standalone badge offering.,"Adult learners, working professionals, and external participants",,,AI / ML,Understand core modeling concepts and practical machine learning applications,Hybrid,provided_dataset
SYN-080,Change Management - Foundational,Office of Student Involvement and Leadership,Co- and Extra-Curricular Digital Badge,Undergraduate or Graduate Student,Foundational,Foundational,Yes - connected to a pathway or sequenced badge series.,Current undergraduate and graduate students,,,Leadership,Apply change management strategies in practical scenarios,Workshop,provided_dataset
SYN-081,Change Management Capstone,Office of Student Involvement and Leadership,Co- and Extra-Curricular Digital Badge,Undergraduate or Graduate Student,Capstone/Microcredential,Capstone/Microcredential,Yes - connected to a pathway or sequenced badge series.,Current undergraduate and graduate students,,,Leadership,Apply change management strategies in practical scenarios,Self-paced,provided_dataset
SYN-082,Change Management Intermediate,Office of Student Involvement and Leadership,Co- and Extra-Curricular Digital Badge,Undergraduate or Graduate Student,Intermediate,Intermediate,Yes - connected to a pathway or sequenced badge series.,Current undergraduate and graduate students,,,Leadership,Apply change management strategies in practical scenarios,Workshop,provided_dataset
SYN-083,Entrepreneurial Experience Badge,Office of Student Involvement and Leadership,Co- and Extra-Curricular Digital Badge,Student Leader,Applied,Applied,No standalone badge offering.,Current student leaders and organization members,,,Professional Development,Develop entrepreneurial thinking and practical business skills,Online,provided_dataset
SYN-084,Entrepreneurship Essentials Badge,Office of Student Involvement and Leadership,Co- and Extra-Curricular Digital Badge,Student Leader,Applied,Applied,No standalone badge offering.,Current student leaders and organization members,,,Professional Development,Develop entrepreneurial thinking and practical business skills,Self-paced,provided_dataset
SYN-085,Strategic Thinking - Capstone,Office of Student Involvement and Leadership,Co- and Extra-Curricular Digital Badge,Undergraduate or Graduate Student,Capstone/Microcredential,Capstone/Microcredential,Yes - connected to a pathway or sequenced badge series.,Current undergraduate and graduate students,,,Leadership,Strengthen strategic analysis and decision-making skills,Self-paced,provided_dataset
SYN-086,Strategic Thinking - Foundational,Office of Student Involvement and Leadership,Co- and Extra-Curricular Digital Badge,Undergraduate or Graduate Student,Foundational,Foundational,Yes - connected to a pathway or sequenced badge series.,Current undergraduate and graduate students,,,Leadership,Strengthen strategic analysis and decision-making skills,Hybrid,provided_dataset
SYN-087,Strategic Thinking - Intermediate,Office of Student Involvement and Leadership,Co- and Extra-Curricular Digital Badge,Undergraduate or Graduate Student,Intermediate,Intermediate,Yes - connected to a pathway or sequenced badge series.,Current undergraduate and graduate students,,,Leadership,Strengthen strategic analysis and decision-making skills,Hybrid,provided_dataset
SYN-088,Workplace Readiness - Capstone,Office of Student Involvement and Leadership,Co- and Extra-Curricular Digital Badge,Undergraduate or Graduate Student,Capstone/Microcredential,Capstone/Microcredential,Yes - connected to a pathway or sequenced badge series.,Current undergraduate and graduate students,,,Professional Development,Develop workplace skills that improve career preparedness,Hybrid,provided_dataset
SYN-089,Workplace Readiness - Foundational,Office of Student Involvement and Leadership,Co- and Extra-Curricular Digital Badge,Undergraduate or Graduate Student,Foundational,Foundational,Yes - connected to a pathway or sequenced badge series.,Current undergraduate and graduate students,,,Professional Development,Develop workplace skills that improve career preparedness,Hybrid,provided_dataset
SYN-090,Workplace Readiness - Intermediate,Office of Student Involvement and Leadership,Co- and Extra-Curricular Digital Badge,Undergraduate or Graduate Student,Intermediate,Intermediate,Yes - connected to a pathway or sequenced badge series.,Current undergraduate and graduate students,,,Professional Development,Develop workplace skills that improve career preparedness,Hybrid,provided_dataset
SYN-091,CPT Course,Office of Global Initiatives,Co- and Extra-Curricular Digital Badge,International Student,Applied,Applied,No standalone badge offering.,Current international students in F-1 status,,,Professional Development,Understand employment compliance requirements for international students,Online,provided_dataset
SYN-092,Make 101: Introduction to the Makerspace,NJIT Makerspace,Co- and Extra-Curricular Digital Badge,Undergraduate or Graduate Student,Foundational,Foundational,Yes - connected to a pathway or sequenced badge series.,Current undergraduate and graduate students,,,Academic Skills,Build hands-on prototyping and makerspace skills,Hybrid,provided_dataset
SYN-093,Make 102: Introduction to CO2 Laser Cutting,NJIT Makerspace,Co- and Extra-Curricular Digital Badge,Undergraduate or Graduate Student,Foundational,Foundational,Yes - connected to a pathway or sequenced badge series.,Current undergraduate and graduate students,,,Academic Skills,Apply laser cutting techniques safely and effectively,Workshop,provided_dataset
SYN-094,Make 103: Introduction to 3D Printing,NJIT Makerspace,Co- and Extra-Curricular Digital Badge,Undergraduate or Graduate Student,Foundational,Foundational,Yes - connected to a pathway or sequenced badge series.,Current undergraduate and graduate students,,,Academic Skills,Apply 3D printing techniques for prototyping and fabrication,Hybrid,provided_dataset
SYN-095,Make 242: Introduction to the Woodshop,NJIT Makerspace,Co- and Extra-Curricular Digital Badge,Undergraduate or Graduate Student,Foundational,Foundational,Yes - connected to a pathway or sequenced badge series.,Current undergraduate and graduate students,,,Academic Skills,Use woodshop tools safely for fabrication projects,Workshop,provided_dataset
SYN-096,Makerspace Basics,NJIT Makerspace,Co- and Extra-Curricular Digital Badge,Undergraduate or Graduate Student,Foundational,Foundational,Yes - connected to a pathway or sequenced badge series.,Current undergraduate and graduate students,,,Academic Skills,Build hands-on prototyping and makerspace skills,Workshop,provided_dataset
SYN-097,MakerSpeak: 3D Concrete Printing,NJIT Makerspace,Co- and Extra-Curricular Digital Badge,Undergraduate or Graduate Student,Applied,Applied,No standalone badge offering.,Current undergraduate and graduate students,,,Academic Skills,Build hands-on prototyping and makerspace skills,Hybrid,provided_dataset
SYN-098,MakerSpeak: Attention! to Details,NJIT Makerspace,Co- and Extra-Curricular Digital Badge,Undergraduate or Graduate Student,Applied,Applied,No standalone badge offering.,Current undergraduate and graduate students,,,AI / ML,Apply AI concepts and tools in academic or professional settings,Workshop,provided_dataset
SYN-099,MakerSpeak: Iterate to Innovate,NJIT Makerspace,Co- and Extra-Curricular Digital Badge,Undergraduate or Graduate Student,Applied,Applied,No standalone badge offering.,Current undergraduate and graduate students,,,Academic Skills,Build hands-on prototyping and makerspace skills,Workshop,provided_dataset
SYN-100,NJIT/NYSCC Formulation Workshop,Newark College of Engineering,Not publicly available,Student or Industry Professional,Applied,Applied,No standalone badge offering.,"Students, researchers, and industry professionals",,,Academic Skills,Apply formulation and engineering concepts in lab settings,Online,provided_dataset
SYN-101,2026 Infrastructure Forum,The Learning and Development Initiative (LDI),Continuing and Professional Education Digital Badge,Adult Learner or Working Professional,Foundational,Foundational,No standalone badge offering.,"Adult learners, working professionals, and external participants",,,Professional Development,Build professional skills through guided learning experiences,Online,provided_dataset
SYN-102,Adaptability & Lifelong Learning with AI,The Learning and Development Initiative (LDI),Continuing and Professional Education Digital Badge,Adult Learner or Working Professional,Applied,Applied,No standalone badge offering.,"Adult learners, working professionals, and external participants",,,AI / ML,Apply AI concepts and tools in academic or professional settings,Hybrid,provided_dataset
SYN-103,AI and Data Proficiency,The Learning and Development Initiative (LDI),Continuing and Professional Education Digital Badge,Adult Learner or Working Professional,Applied,Applied,No standalone badge offering.,"Adult learners, working professionals, and external participants",,,AI / ML,Apply AI concepts and tools in academic or professional settings,Hybrid,provided_dataset
SYN-104,AI for Administrative Efficiency,The Learning and Development Initiative (LDI),Continuing and Professional Education Digital Badge,Staff or Administrator,Applied,Applied,No standalone badge offering.,NJIT staff and administrators,,,AI / ML,Apply AI concepts and tools in academic or professional settings,Hybrid,provided_dataset
SYN-105,AI for Educators,The Learning and Development Initiative (LDI),Continuing and Professional Education Digital Badge,Faculty or Instructional Staff,Applied,Applied,No standalone badge offering.,"Faculty, instructors, and instructional staff",,,AI / ML,Apply AI concepts and tools in academic or professional settings,Self-paced,provided_dataset
SYN-106,AI in Art and Design Summit,The Learning and Development Initiative (LDI),Continuing and Professional Education Digital Badge,Adult Learner or Working Professional,Foundational,Foundational,No standalone badge offering.,"Adult learners, working professionals, and external participants",,,AI / ML,Apply AI concepts and tools in academic or professional settings,Self-paced,provided_dataset
SYN-107,AI in Context: History and Interdisciplinary Perspectives,The Learning and Development Initiative (LDI),Continuing and Professional Education Digital Badge,Adult Learner or Working Professional,Applied,Applied,No standalone badge offering.,"Adult learners, working professionals, and external participants",,,AI / ML,Apply AI concepts and tools in academic or professional settings,Hybrid,provided_dataset
SYN-108,AI in the Workplace,The Learning and Development Initiative (LDI),Continuing and Professional Education Digital Badge,Adult Learner or Working Professional,Applied,Applied,No standalone badge offering.,"Adult learners, working professionals, and external participants",,,AI / ML,Apply AI concepts and tools in academic or professional settings,Online,provided_dataset
SYN-109,AI Literacy,The Learning and Development Initiative (LDI),Continuing and Professional Education Digital Badge,Adult Learner or Working Professional,Foundational,Foundational,No standalone badge offering.,"Adult learners, working professionals, and external participants",,,AI / ML,Apply AI concepts and tools in academic or professional settings,Hybrid,provided_dataset
SYN-110,AI Literacy and Fundamentals,The Learning and Development Initiative (LDI),Continuing and Professional Education Digital Badge,Adult Learner or Working Professional,Foundational,Foundational,No standalone badge offering.,"Adult learners, working professionals, and external participants",,,AI / ML,Apply AI concepts and tools in academic or professional settings,Self-paced,provided_dataset
SYN-111,AI Prompting for Business,The Learning and Development Initiative (LDI),Continuing and Professional Education Digital Badge,Adult Learner or Working Professional,Applied,Applied,No standalone badge offering.,"Adult learners, working professionals, and external participants",,,AI / ML,Apply AI concepts and tools in academic or professional settings,Self-paced,provided_dataset
SYN-112,AI-Enhanced Instructional Practices,The Learning and Development Initiative (LDI),Continuing and Professional Education Digital Badge,Faculty or Instructional Staff,Applied,Applied,No standalone badge offering.,"Faculty, instructors, and instructional staff",,,AI / ML,Apply AI concepts and tools in academic or professional settings,Self-paced,provided_dataset
SYN-113,Critical Evaluation of Generative AI Outputs,The Learning and Development Initiative (LDI),Continuing and Professional Education Digital Badge,Adult Learner or Working Professional,Applied,Applied,No standalone badge offering.,"Adult learners, working professionals, and external participants",,,AI / ML,Apply AI concepts and tools in academic or professional settings,Self-paced,provided_dataset
SYN-114,Effective and Responsible Use of AI,The Learning and Development Initiative (LDI),Continuing and Professional Education Digital Badge,Adult Learner or Working Professional,Applied,Applied,No standalone badge offering.,"Adult learners, working professionals, and external participants",,,AI / ML,Apply AI concepts and tools in academic or professional settings,Hybrid,provided_dataset
SYN-115,Ethical and Responsible Use of AI,The Learning and Development Initiative (LDI),Continuing and Professional Education Digital Badge,Adult Learner or Working Professional,Applied,Applied,No standalone badge offering.,"Adult learners, working professionals, and external participants",,,AI / ML,Apply AI concepts and tools in academic or professional settings,Hybrid,provided_dataset
SYN-116,Foundations of AI,The Learning and Development Initiative (LDI),Continuing and Professional Education Digital Badge,Adult Learner or Working Professional,Applied,Applied,No standalone badge offering.,"Adult learners, working professionals, and external participants",,,AI / ML,Apply AI concepts and tools in academic or professional settings,Workshop,provided_dataset
SYN-117,Introduction to AI in Education,The Learning and Development Initiative (LDI),Continuing and Professional Education Digital Badge,Adult Learner or Working Professional,Foundational,Foundational,No standalone badge offering.,"Adult learners, working professionals, and external participants",,,AI / ML,Apply AI concepts and tools in academic or professional settings,Workshop,provided_dataset
SYN-118,Machine Learning Awareness,The Learning and Development Initiative (LDI),Continuing and Professional Education Digital Badge,Adult Learner or Working Professional,Foundational,Foundational,No standalone badge offering.,"Adult learners, working professionals, and external participants",,,AI / ML,Understand core modeling concepts and practical machine learning applications,Hybrid,provided_dataset
SYN-119,New Jersey Future Energy Transmission Conference 2025,The Learning and Development Initiative (LDI),Continuing and Professional Education Digital Badge,Adult Learner or Working Professional,Applied,Applied,No standalone badge offering.,"Adult learners, working professionals, and external participants",,,Data Science,Understand energy topics and related professional applications,Hybrid,provided_dataset
SYN-120,Project Management In Healthcare Microcredential,The Learning and Development Initiative (LDI),Continuing and Professional Education Digital Badge,Working Professional,Capstone/Microcredential,Capstone/Microcredential,Yes - connected to a pathway or sequenced badge series.,Working professionals and adult learners,,,Professional Development,Apply project management concepts in healthcare contexts,Hybrid,provided_dataset
SYN-121,Project Management in Healthcare – Course 1: Introduction,The Learning and Development Initiative (LDI),Continuing and Professional Education Digital Badge,Working Professional,Foundational,Foundational,Yes - connected to a pathway or sequenced badge series.,Working professionals and adult learners,,,Professional Development,Apply project management concepts in healthcare contexts,Workshop,provided_dataset
SYN-122,Project Management in Healthcare – Course 2: Intermediate,The Learning and Development Initiative (LDI),Continuing and Professional Education Digital Badge,Working Professional,Intermediate,Intermediate,Yes - connected to a pathway or sequenced badge series.,Working professionals and adult learners,,,Professional Development,Apply project management concepts in healthcare contexts,Hybrid,provided_dataset
SYN-123,Project Management in Healthcare – Course 3: Advanced,The Learning and Development Initiative (LDI),Continuing and Professional Education Digital Badge,Working Professional,Advanced,Advanced,Yes - connected to a pathway or sequenced badge series.,Working professionals and adult learners,,,Professional Development,Apply project management concepts in healthcare contexts,Hybrid,provided_dataset
SYN-124,Project Management in Healthcare – Course 4: Agile,The Learning and Development Initiative (LDI),Continuing and Professional Education Digital Badge,Working Professional,Applied,Applied,Yes - connected to a pathway or sequenced badge series.,Working professionals and adult learners,,,Professional Development,Apply project management concepts in healthcare contexts,Workshop,provided_dataset
SYN-125,Prompting for Generative AI,The Learning and Development Initiative (LDI),Continuing and Professional Education Digital Badge,Adult Learner or Working Professional,Applied,Applied,No standalone badge offering.,"Adult learners, working professionals, and external participants",,,AI / ML,Apply AI concepts and tools in academic or professional settings,Hybrid,provided_dataset
SYN-126,Responsible and Innovative Use of AI in Academics,The Learning and Development Initiative (LDI),Continuing and Professional Education Digital Badge,Adult Learner or Working Professional,Applied,Applied,No standalone badge offering.,"Adult learners, working professionals, and external participants",,,AI / ML,Apply AI concepts and tools in academic or professional settings,Self-paced,provided_dataset
SYN-127,Risk Assessment and Hazard Evaluation Techniques in Industrial Settings,The Learning and Development Initiative (LDI),Continuing and Professional Education Digital Badge,Adult Learner or Working Professional,Applied,Applied,No standalone badge offering.,"Adult learners, working professionals, and external participants",,,Professional Development,Apply safety practices in industrial environments,Online,provided_dataset
SYN-128,Technical Aspects of AI,The Learning and Development Initiative (LDI),Continuing and Professional Education Digital Badge,Adult Learner or Working Professional,Applied,Applied,No standalone badge offering.,"Adult learners, working professionals, and external participants",,,AI / ML,Apply AI concepts and tools in academic or professional settings,Self-paced,provided_dataset
SYN-129,Understanding Neural Networks and Deep Learning,The Learning and Development Initiative (LDI),Continuing and Professional Education Digital Badge,Adult Learner or Working Professional,Applied,Applied,No standalone badge offering.,"Adult learners, working professionals, and external participants",,,AI / ML,Understand core modeling concepts and practical machine learning applications,Self-paced,provided_dataset
SYN-130,Change Management - Foundational,Office of Student Involvement and Leadership,Co- and Extra-Curricular Digital Badge,Undergraduate or Graduate Student,Foundational,Foundational,Yes - connected to a pathway or sequenced badge series.,Current undergraduate and graduate students,,,Leadership,Apply change management strategies in practical scenarios,Self-paced,provided_dataset
SYN-131,Change Management Capstone,Office of Student Involvement and Leadership,Co- and Extra-Curricular Digital Badge,Undergraduate or Graduate Student,Capstone/Microcredential,Capstone/Microcredential,Yes - connected to a pathway or sequenced badge series.,Current undergraduate and graduate students,,,Leadership,Apply change management strategies in practical scenarios,Online,provided_dataset
SYN-132,Change Management Intermediate,Office of Student Involvement and Leadership,Co- and Extra-Curricular Digital Badge,Undergraduate or Graduate Student,Intermediate,Intermediate,Yes - connected to a pathway or sequenced badge series.,Current undergraduate and graduate students,,,Leadership,Apply change management strategies in practical scenarios,Hybrid,provided_dataset
SYN-133,Entrepreneurial Experience Badge,Office of Student Involvement and Leadership,Co- and Extra-Curricular Digital Badge,Student Leader,Applied,Applied,No standalone badge offering.,Current student leaders and organization members,,,Professional Development,Develop entrepreneurial thinking and practical business skills,Self-paced,provided_dataset
SYN-134,Entrepreneurship Essentials Badge,Office of Student Involvement and Leadership,Co- and Extra-Curricular Digital Badge,Student Leader,Applied,Applied,No standalone badge offering.,Current student leaders and organization members,,,Professional Development,Develop entrepreneurial thinking and practical business skills,Workshop,provided_dataset
SYN-135,Strategic Thinking - Capstone,Office of Student Involvement and Leadership,Co- and Extra-Curricular Digital Badge,Undergraduate or Graduate Student,Capstone/Microcredential,Capstone/Microcredential,Yes - connected to a pathway or sequenced badge series.,Current undergraduate and graduate students,,,Leadership,Strengthen strategic analysis and decision-making skills,Hybrid,provided_dataset
SYN-136,Strategic Thinking - Foundational,Office of Student Involvement and Leadership,Co- and Extra-Curricular Digital Badge,Undergraduate or Graduate Student,Foundational,Foundational,Yes - connected to a pathway or sequenced badge series.,Current undergraduate and graduate students,,,Leadership,Strengthen strategic analysis and decision-making skills,Hybrid,provided_dataset
SYN-137,Strategic Thinking - Intermediate,Office of Student Involvement and Leadership,Co- and Extra-Curricular Digital Badge,Undergraduate or Graduate Student,Intermediate,Intermediate,Yes - connected to a pathway or sequenced badge series.,Current undergraduate and graduate students,,,Leadership,Strengthen strategic analysis and decision-making skills,Online,provided_dataset
SYN-138,Workplace Readiness - Capstone,Office of Student Involvement and Leadership,Co- and Extra-Curricular Digital Badge,Undergraduate or Graduate Student,Capstone/Microcredential,Capstone/Microcredential,Yes - connected to a pathway or sequenced badge series.,Current undergraduate and graduate students,,,Professional Development,Develop workplace skills that improve career preparedness,Self-paced,provided_dataset
SYN-139,Workplace Readiness - Foundational,Office of Student Involvement and Leadership,Co- and Extra-Curricular Digital Badge,Undergraduate or Graduate Student,Foundational,Foundational,Yes - connected to a pathway or sequenced badge series.,Current undergraduate and graduate students,,,Professional Development,Develop workplace skills that improve career preparedness,Hybrid,provided_dataset
SYN-140,Workplace Readiness - Intermediate,Office of Student Involvement and Leadership,Co- and Extra-Curricular Digital Badge,Undergraduate or Graduate Student,Intermediate,Intermediate,Yes - connected to a pathway or sequenced badge series.,Current undergraduate and graduate students,,,Professional Development,Develop workplace skills that improve career preparedness,Hybrid,provided_dataset
SYN-141,CPT Course,Office of Global Initiatives,Co- and Extra-Curricular Digital Badge,International Student,Applied,Applied,No standalone badge offering.,Current international students in F-1 status,,,Professional Development,Understand employment compliance requirements for international students,Self-paced,provided_dataset
SYN-142,Make 101: Introduction to the Makerspace,NJIT Makerspace,Co- and Extra-Curricular Digital Badge,Undergraduate or Graduate Student,Foundational,Foundational,Yes - connected to a pathway or sequenced badge series.,Current undergraduate and graduate students,,,Academic Skills,Build hands-on prototyping and makerspace skills,Workshop,provided_dataset
SYN-143,Make 102: Introduction to CO2 Laser Cutting,NJIT Makerspace,Co- and Extra-Curricular Digital Badge,Undergraduate or Graduate Student,Foundational,Foundational,Yes - connected to a pathway or sequenced badge series.,Current undergraduate and graduate students,,,Academic Skills,Apply laser cutting techniques safely and effectively,Workshop,provided_dataset
SYN-144,Make 103: Introduction to 3D Printing,NJIT Makerspace,Co- and Extra-Curricular Digital Badge,Undergraduate or Graduate Student,Foundational,Foundational,Yes - connected to a pathway or sequenced badge series.,Current undergraduate and graduate students,,,Academic Skills,Apply 3D printing techniques for prototyping and fabrication,Workshop,provided_dataset
SYN-145,Make 242: Introduction to the Woodshop,NJIT Makerspace,Co- and Extra-Curricular Digital Badge,Undergraduate or Graduate Student,Foundational,Foundational,Yes - connected to a pathway or sequenced badge series.,Current undergraduate and graduate students,,,Academic Skills,Use woodshop tools safely for fabrication projects,Workshop,provided_dataset
SYN-146,Makerspace Basics,NJIT Makerspace,Co- and Extra-Curricular Digital Badge,Undergraduate or Graduate Student,Foundational,Foundational,Yes - connected to a pathway or sequenced badge series.,Current undergraduate and graduate students,,,Academic Skills,Build hands-on prototyping and makerspace skills,Hybrid,provided_dataset
SYN-147,MakerSpeak: 3D Concrete Printing,NJIT Makerspace,Co- and Extra-Curricular Digital Badge,Undergraduate or Graduate Student,Applied,Applied,No standalone badge offering.,Current undergraduate and graduate students,,,Academic Skills,Build hands-on prototyping and makerspace skills,Hybrid,provided_dataset
SYN-148,MakerSpeak: Attention! to Details,NJIT Makerspace,Co- and Extra-Curricular Digital Badge,Undergraduate or Graduate Student,Applied,Applied,No standalone badge offering.,Current undergraduate and graduate students,,,AI / ML,Apply AI concepts and tools in academic or professional settings,Hybrid,provided_dataset
SYN-149,MakerSpeak: Iterate to Innovate,NJIT Makerspace,Co- and Extra-Curricular Digital Badge,Undergraduate or Graduate Student,Applied,Applied,No standalone badge offering.,Current undergraduate and graduate students,,,Academic Skills,Build hands-on prototyping and makerspace skills,Hybrid,provided_dataset
SYN-150,NJIT/NYSCC Formulation Workshop,Newark College of Engineering,Not publicly available,Student or Industry Professional,Applied,Applied,No standalone badge offering.,"Students, researchers, and industry professionals",,,Academic Skills,Apply formulation and engineering concepts in lab settings,Hybrid,provided_dataset
